epoch,train_loss,train_after_loss,test_loss
38,0.007130253128707409,-,-
39,0.006978298537433147,-,-
40,0.006940621417015791,-,-
41,0.006932126358151436,-,-
42,0.00675773061811924,-,-
43,0.006753896828740835,-,-
44,0.006568820681422949,-,-
