epoch,time_taken,scores
41,1540.5168447494507,"{'Bleu_1': 0.33855629130404075, 'Bleu_2': 0.21129178758329653, 'Bleu_3': 0.14020582575400867, 'Bleu_4': 0.09379438245472765, 'Gleu_1': 0.3112904843076306, 'Gleu_2': 0.21694760357432982, 'Gleu_3': 0.16459254688196373, 'Gleu_4': 0.1310819962492186}"
