epoch,train_loss,train_after_loss,test_loss
1,0.10152662545442581,-,-
2,0.06903178989887238,-,-
3,0.05701299011707306,-,-
4,0.04816073179244995,-,-
5,0.04097551479935646,-,-
